raw_source,standard_source
"FVO Travel",fvo_travel
"TRAVELSTORE - PRESTAÇÃO DE SERVIÇOS DE VIAGENS",travelstore
"Giranostra - Tours & Travel",giranostra
"The SmartFlyer Inc",smartflyer
"Ana Sofia Correia LDA - The Boutique Traveler",the_boutique_traveler
"Landescape Walks",landescape_walks
"Romy Viagens Ltda",romy_viagens
"Webbeds FZ-LLC ",webbeds
"Teresa Perez Tours",teresa_perez_tours
"Ascot Travel",ascot_travel
"Narrativa Traçada, lda",narrativa_tracada
"The Spanish Touch",spanish_touch
"Alma Moura Lisbon Residences",alma_moura_lisbon_residences
"Largay Travel",larga_travel
"Travel Simplicity LLC",travel_simplicity
"PAG Serviços Golfs, Lda",pag_servicos_golf
"NOS Corporate Center, S.A",nos_corporate_center
"Dawn Foods B. V.",down_foods
"BPES, S.A.- Sucursal em Portugal (Em Liquidação)",bpes
"HostelWorld",hostel_world
"Excelência de Portugal",excelencia_de_portugal
"CITUR S.A. ",citur
"Viagens Marranita, Summerspecies - Travel Unipessoal Lda",viagens_marranita
"Banco Santander Totta, SA",banco_santanter
"TUI SPAIN SLU",tui_spain
"Lounge II Luxury - Agência de Viagens e Turismo, Lda.",lounge_ii_luxury
"Geotoura GmbH",geotoura_gmbh
"Voetur Turismo e Representações Lda.",voetur_turismo
"COLOUR TRAVEL CONSULTANTS",colour_travel
"Município de Setúbal",municipio_de_setubal
"Mi Mundo Travel Planner, SL",mi_mundo_planner
"Tuscany Tours - Small Group Tours and  Independent Travel Planning",tuscany_tours
"Top Atlantico DMC",top_atlantico
"VIVA SPRL srl",viva
"ThinkPR",thinkpr
"Tailored Experiences S.L.",tailored_experiences
"Mercedes-Benz Portugal, SA",mercedes_benz
"Letango Consulting LLC DBA Tours",letango_tours
"Tropical Piramyd",tropical_piramyd
"In Lounge Luxury Destination Travel Consulting",in_lounge_luxury
"Agena Voyages",agena_voyages
"Top Tours GmbH",top_tours
"SYNXIS",synxis
"Stubborn Mule Travel",stubborn_mule
"Persona Grata",persona_grata
"Bike Tours Portugal",bike_tours_portugal
"Lounge Luxury Travel Consulting",lounge_luxury
"Em Viagem",em_viagem
"Fit Reisen GmbH",fit_reisen
"Venturion Private Club",venturion
"Voyages DOC",voyages_doc
"Helen Hamlyn Trust",helen_hamlyn_trust
"Dynargie Portugal, Lda",dynargie_portugal
"Diagnostica Longwood SL",diagnostica_longwood
"Voyageurs Du Monde",voyageurs_du_monde
"VIAJES HISPANIA, SA",viajes_hispania
"Travel Matters Ltd",travel_matters
"Mirpuri Sailing Trophy",mirpuri_sailing_trophy
"Hotelbeds",hotelbeds
"HRS - Hotel Reservation service",hrs
"Transeurope/Holidayline",transeurope_holidayline
"Product League BV",product_league
"António J.J. Alves, Lda",antonio_alves
"Tours For You - Passeios Turísticos, Unip. Lda",tours_for_you
"Olaf Veltman Shows & Events Coordinator/ Can-Am, Sea Doo & Evinrde - EMEA division",olaf_veltman
"The Travel Corner",travel_corner
"ÂNGELO COIMBRA, S.A.",angelo_coimbra
"My Travel Line",my_travel_line
"Aveleda, S.A.",aveleda
"CIF - AGÊNCIA DE VIAGENS E TURISMO,  SA ",cif_viagens
"SPECIAL TRIP TURISMO LTDA",special_trip
"PAUSAN S.L.",pausan
"Letango Tours",letango_tours
"Sunstone Life Science Ventures A/S",sunstone
"Travelsens SL",travelsens
"Vanillabalcony Unipessoal Lda",vanillabalcony
"Rosemount Travel",rosemount_travel
"BookingNR",booking
"Exclusive Escapes Travel Consultancy",exclusive_escapes
"Bike In Portugal",bike_in_portugal
"The Navigator Company",navigator_company
"Terra Lusitania Turismo Lda",terra_lusitania
"Guess What Comunicação, Lda",guess_what
"Senomag Lda",senomag
"VP - Viagens Portuguesas Lda",viagens_portuguesas
"Safetur Viagens e Turismo",safetur
"Eventis Agence",eventis
"Tripwix Lda",tripwix
"Mr. Travel - Agência de Viagens, Lda",mr_travel
"TravelTailors, Lda",traveltailors
"OSIRIS TRAVEL – VIAGENS E TURISMO LDA",osiris_travel
"Sem Limite, Viagens e Turismo,Lda",sem_limite
"La Route des Voyages",la_route_des_voyages
"Ephasus Travel, SA",ephasus_travel
"Womens Health",womens_health
"Viajan",viajan
"Van Rompaey Travel BV",van_rompaey
"VERYCHIC S.A.S.",verychic
"Essencial Europe Travel",essencial_europe
"ATPI Hamburg GmbH",atpi
"COSEC, Companhia de Seguro de Créditos, S.A",cosec
"Logoplaste Consultores Técnicos S.A.",logoplaste
"Daymon Worldwide Consultancy Unipessoal, Lda",daymon
"New Sheet - Brand Activation Lda",new_sheet
"MFigueiredo Events, Lda",mfigueiredo_events
"LIDL & CIA.",lidl
"José Maria Fonseca Vinhos, S.A.",jose_maria_fonseca
"New Tempo Vip Spain SL",new_tempo_vip
"CARACTERE nv",caractere
"Fur Away Journey Pte Ltd",fur_away_journey
"CIT GLOBAL SA",cit_global
"Tailormade Andalucia SI.",tailormade_andalucia
"AC Cosmetics SA",ac_cosmetics
"BESTOURS SA",bestours
"Travel One Agência de Viagens e Turismo",travel_one
"Abercrombie & Kent Europe Ltd.",abercrombie_kent
"IberoFibra - Representação de Fábricas de Papel, LDA",iberofibra
"Barceló Viagens, Lda",barcelo_viagens
"GLAXOSMITHKLINE - PRODUTOS FARMACÊUTICOS, LDA",gsk
"Womens Quest ",womens_quest
"Lux and Unique, Lda",lux_and_unique
"OLX PORTUGAL, S.A.",olx
"Turaventur, Lda",turaventur
"4 Partes",4_partes
"Tee Off Travel",tee_off_travel
"CTL - CULTURAL TREND LISBON LDA ",ctl
"Worldwide Concept Group",worldwide_concept
"Bontur Travel & Experiences",bontur
"TTW Brasil Operações Turísticas ",ttw_brasil
"MJFIG LDA",mjfig
"Adriana Lage Toma",adriana_lage_toma
"Hyatt Hotels Corporation",hyatt
"RATIONAL IBERICA (Portugal)",rational_iberica
"SF Terminal Solutions Pte Ltd",sf_terminal
"Pippa Rose Lifestyle Ltd",pippa_rose
"TRANSALPINO VIAGENS E TURISMO",transalpino
"The Travel Club",travel_club
"Lisa Bikes, Limitada",lisa_bikes
"AVIC - Autocarros e Viagens Irmãos Cunha, Lda",avic_travel
"Travel Simplicity LLC",travel_simplicity
"Instituto Politécnico de Setúbal",ips
"Travel Edge",travel_edge
"Travel Experts Inc",travel_experts
"World of Travel",world_of_travel
"Pure Travel, Lda",pure_travel
"Monet Viagens e Turismo LTDA",monet_viagens
"GiraNostra - Tours & Travel",giranostra
"Crossing Travel Company Ltd",crossing_travel
"Ascot Travel",ascot_travel
"Travelstore - Prestação de Serviços de Viagens",travelstore
"Teresa Perez Tours",teresa_perez
"Traveluxury",traveluxury
"The SmartFlyer Inc",smartflyer
"Craft Travel Group LLC",craft_travel
"Travel Experts Inc",travel_experts
"Travel Matters Ltd",travel_matters
"Travel One Agência de Viagens e Turismo",travel_one
"TravelStore - Prestação de Serviços de Viagens",travelstore
"Travel Tailors, Lda",traveltailors
"Travel Edge",travel_edge
"Travel Club",travel_club
"Travel Line",travel_line
"World of Travel",world_of_travel
"American Express Global Business Travel",amex_gbt
"Brickell Travel Management",brickell_travel
"Cadence Travel, Inc.",cadence_travel
"Colour Travel Consultants",colour_travel
"Craft Travel Group LLC",craft_travel
"Crossing Travel Company Ltd",crossing_travel
"Eclectus Travel LLC",eclectus_travel
"Elite Global Journeys",elite_global_journeys
"First In Service Travel",first_in_service
"FVO Travel",fvo_travel
"Hashtag Golf Travel",hashtag_golf
"JB's World Travel Consultants",jbs_world_travel
"Kirker Travel Limited",kirker_travel
"Largay Travel",largay_travel
"Mi Mundo Travel Planner, SL",mi_mundo_travel
"Montserrat Travel & Tours, Ltd",montserrat_travel
"NUBA Expediciones, S.L.",nuba
"Orbe Travel Club Spain S.L.U",orbe_travel
"Place Concierge Ltd",place_concierge
"Protravel International LLC",protravel
"Quench Trip Design",quench_trip_design
"Rosemount Travel",rosemount_travel
"Stubborn Mule Travel",stubborn_mule
"The Travel Corner",travel_corner
"The Travel Club",travel_club
"Travel Experts Inc",travel_experts
"Travel Matters Ltd",travel_matters
"Travel Simplicity LLC",travel_simplicity
"TravelStore - Prestação de Serviços de Viagens",travelstore
"TravelTailors, Lda",traveltailors
"Trips and Ships Luxury Travel",trips_and_ships
"Trufflepig Inc",trufflepig
"Venturion Private Club",venturion
"Voeja Tour International LLC",voeja_tour
"Wayfaring Spain SL",wayfaring_spain
"Wine & Dine Travels B.V.",wine_dine_travels
"XTravel",xtravel
"YTravel, Lda",ytravel
"80Days",80days
"Abercrombie & Kent Spain SL",abercrombie_kent
"Active Holidays BV",active_holidays
"Altimonde Voyages SAS",altimonde_voyages
"Aspera Explorations Travel Agency Ltd",aspera_explorations
"Butterfield & Robinson",butterfield_robinson
"Cercle des Vacances - Agence de Voyages et S.A.S",cercle_des_vacances
"Doc DMC - Services, Events & Wine",doc_dmc
"Embark - Beyond Travel",embark
"Excelência de Portugal",excelencia_portugal
"Go Diferente",go_diferente
"Handmade Vacations",handmade_vacations
"In Lounge Luxury Destination Travel Consulting",in_lounge_luxury
"Landescape Walks",landescape_walks
"Made For Spain And Portugal",made_for_spain_portugal
"Magic Portugal Unipessoal Lda.",magic_portugal
"Moah Destinos Exclusivos",moah
"Off The Beaten Track Portugal - Consultoria e Organização de Viagens e Eventos, Unipessoal, Lda.",off_the_beaten_track
"Open Viagens e Turismo Lda",open_viagens
"Pura Aventura",pura_aventura
"Selections Operadora Turismo Ltda - EPP",selections_operadora
"Tours For You - Passeios Turísticos, Unip. Lda",tours_for_you
"Turistrader, Sociedade de Desenvolvimento Turístico, Lda.",turistrader
"Vanguartour, Travel & Events, Lda.",vanguartour
"Viajan",viajan
"Voyage Privé France",voyage_prive
"Voyage Privé IT",voyage_prive
"Voyage Privé UK Ltd",voyage_prive
"Welcomebeds/Globália",welcomebeds
"WebBeds FZ-LLC",webbeds
"Guestcentric",guestcentric
"Guestcentric - IBE",guestcentric
"Booking",booking
"Booking.com",booking
"BookingNR",booking
"Expedia",expedia
"Airbnb",airbnb
"Airbnb Payments UK Ltd.",airbnb
"VRBO",vrbo
"Hostelworld",hostelworld
"HRS",hrs
"HRS - Hotel Reservation Service",hrs
"Sabre",sabre
"SYNXIS",synxis
"Hotelbeds",hotelbeds
"WebBeds FZ-LLC",webbeds
"Welcomebeds/Globália",welcomebeds
"Small Luxury Hotels of the World Management Ltd",slh
"SLH Bonus Rate",slh
"SLH Club Rate",slh
"SLH WithIN",slh
"SLH WithIN NET Rate",slh
"SLH Travel Industry Rate",slh
"SLH Suite Offer – 20%",slh
"SLH Last Minute Rate",slh
"SLH Simple Pleasures - 2nts",slh
"Hilton",hilton
"Hilton Domestic Oper. Co. Inc.",hilton
"Hyatt Hotels Corporation",hyatt
"World of Hyatt 10% OFF",hyatt
"World of Hyatt 20% off suites",hyatt
"World of Hyatt 2NTS",hyatt
"World of Hyatt Best Available Rate",hyatt
"World of Hyatt Free Night Promotion",hyatt
"World of Hyatt Free Night Rate",hyatt
"Capital One Lifestyle Hotel Collection",capital_one_travel
"Hopper (USA), Inc.",hopper
"Prestigia",prestigia
"Splendia",splendia
"VeryChic SAS",verychic
"VERYCHIC S.A.S.",verychic
"Olimar",olimar
"Synxis",synxis
"Hotelbeds",hotelbeds
"WebBeds",webbeds
"Guestcentric - Website",website
"Website",website
"Agência por Website",website
"Booking Early 45 Days",booking
"Website Tarifa Promocional",website
"Website Special",website
"Website NRF 5D RLS",website
"Website Early Booking 45D RLS",website
"Website Min Stay 4N NRF",website
"Website Tarifa 1 semana",website
"Oferta especial website",website
"WEBSITE Tarifa Promocional",website
"WEBSITE SPECIAL",website
"Top Partner - Viagens & Soluções Empresariais, S.A.",top_partner
"American Express Global Business Travel",amex_gbt
"BCD Travel",bcd_travel
"Altour",altour
"ATPI Hamburg GmbH",atpi
"Brickell Travel Management",brickell_travel
"Cadence Travel, Inc.",cadence_travel
"Corporate Travel Management",ctm
"First In Service",first_in_service
"First In Service Travel",first_in_service
"Protravel International LLC",protravel
"Protravel International LDT",protravel
"The SmartFlyer Inc",smartflyer
"Travel Edge",travel_edge
"Travel Experts Inc",travel_experts
"Venturion Private Club",venturion
"Microsoft Lda",microsoft
"OutSystems Portugal",outsystems
"Unbabel, Lda.",unbabel
"Ekimetrics UK Ltd",ekimetrics
"Ideastation - Soluções Informáticas, Lda",ideastation
"Glotera, UAB",glotera
"Navigator Added Value, SA",navigator_group
"The Navigator Company",navigator_group
"Navgt Pulp Cacia, SA",navigator_group
"Dawn Foods B. V.",dawn_foods
"Dohler España",dohler
"Makro Cash & Carry Portugal SA",makro
"Air Liquide Europe Business Services (ALEBS) Unipessoal Lda",air_liquide
"Logoplaste Consultores Técnicos S.A.",logoplaste
"Mercedes-Benz Portugal, SA",mercedes_benz
"Schreder Iluminação S.A.",schreder
"Rational Iberica (Portugal)",rational
"Sikla Lusa, Lda",sikla
"SFPorteq AB",sfporteq
"SF Terminal Solutions Pte Ltd",sf_terminal
"Wilhelmsen Ships Service Portugal, S.A.",wilhelmsen
"ABS, Lda",abs
"BPES, S.A.- Sucursal em Portugal (em liquidação)",bpes
"Eqty Capital",eqty_capital
"Sunstone Life Science Ventures A/S",sunstone
"Trilantic Europe S.A.R.L.",trilantic
"Product League BV",product_league
"Intent HQ Limited",intent_hq
"Cit Global SA",cit_global
"Cosec, Companhia de Seguro de Créditos, S.A",cosec
"Banco Santander Totta, SA",santander
"Villas-Boas - ACP - Corretores Associados de Seguros, S.A",villas_boas_acp
"Ac Cosmetics SA",ac_cosmetics
"IFC Skincare Portugal",ifc_skincare
"Nivelfarma- Companhia de Produtos Farmacêuticos Lda",nivelfarma
"GlaxoSmithKline - Produtos Farmacêuticos, Lda",gsk
"Luz Saúde ACE",luz_saude
"Diagnostica Longwood SL",diagnostica_longwood
"Triagem Vital S.A.",triagem_vital
"Enartis Portugal Unip. Lda.",enartis
"Longa Vida – Industrias Lacteas, SA",longa_vida
"Air Liquide Europe Business Services (ALEBS) Unipessoal Lda",air_liquide
"Avic - Autocarros e Viagens Irmãos Cunha, Lda",avic
"TAP Air Portugal",tap
"Air Canada Aeroplan Reward",air_canada
"Embassy of India",embassy_of_india
"European Council on Foreign Relations",ecfr
"Institut Montaigne",institut_montaigne
"Instituto Politécnico de Setúbal",ips
"Município de Setúbal",municipio_setubal
"Associação Turismo de Lisboa",turismo_lisboa
"Associação da Rota de Vinhos da Península de Setúbal/Costa Azul",rota_vinhos_setubal
"ViniPortugal – Associação Interprofissional para a Promoção dos Vinhos Portugueses",viniportugal
"Clube da Arrábida",clube_arrabida
"FPN, Lda",fpn
"Instituto Politécnico de Setúbal",ips
"Câmara Municipal de Setúbal",municipio_setubal
"Casa Ermelinda Freitas - Vinhos, SA",casa_ermelinda_freitas
"José Maria Fonseca Vinhos, S.A.",jose_maria_fonseca
"Bacalhôa Vinhos de Portugal, SA",bacalhoa
"Aveleda, S.A.",aveleda
"Excelência de Portugal",excelencia_portugal
"Catavino Tours",catavino
"Doc DMC - Services, Events & Wine",doc_dmc
"Wine & Dine Travels B.V.",wine_dine_travels
"Birds & Nature Tours Portugal",birds_nature_tours
"Caminhos da Natureza - Turismo da Natureza Lda",caminhos_natureza
"Landescape Walks",landescape_walks
"Bike In Portugal",bike_in_portugal
"Bike Tours Portugal",bike_tours_portugal
"Pura Aventura",pura_aventura
"Hashtag Golf Travel",hashtag_golf
"Pag Serviços Golfs, Lda",pag_golf
"Mirpuri Sailing Trophy",mirpuri_sailing
"Yoga & Arts Retreat",retreat
"Retreat 4 dias",retreat
"Retreat 6 dias",retreat
"People & Experiences, Lda",people_experiences
"Go Get It Events & Travel",go_get_it
"Wise Events Lda",wise_events
"Freestyle Events SL",freestyle_events
"Prime Promotion, Lda",prime_promotion
"Headbox, SA",headbox
"New Sheet - Brand Activation Lda",new_sheet
"Guess What Comunicação, Lda",guess_what
"ThinkPR",thinkpr
"MFigueiredo Events, Lda",mfigueiredo_events
"Worldwide Concept Group",worldwide_concept
"Jungle Concept SA",jungle_concept
"Never Ending Stories, Lda",never_ending_stories
"And This Is Reality, Unipessoal Lda",and_this_is_reality
"Temas Idilycos",temas_idilycos
"Narrativa Traçada, Lda",narrativa_tracada
"Buy The Way Lda",buy_the_way
"SecretPlaces Lda",secretplaces
"PortugalTrails - Viagens e Turismo, Unipessoal Lda",portugaltrails
"Faes Morazzo, Unipessoal Lda",faes_morazzo
"VS In And Out S.L.",vs_in_and_out
"The Spanish Touch",the_spanish_touch
"Knecht Reisen AG",knecht_reisen
"Iscar Travel Services S.L.",iscar_travel
"Caractere NV",caractere
"Tee Off Travel",tee_off_travel
"Pippa Rose Lifestyle Ltd",pippa_rose
"I.L. Solutions Unipessoal Lda.",il_solutions
"Paradise Experience, SA",paradise_experience
"Traveluxury",traveluxury
"Azradical, Lda",azradical
"Geotoura GmbH",geotoura
"Schindler SA.",schindler
"Devyn Perry Travel",devyn_perry_travel
"New Tempo VIP Spain SL",new_tempo_vip
"Ger Imotion",ger_imotion
"Casa Palmela - Vouchers",casa_palmela
"Leonard Millot Unipessoal Lda",leonard_millot
"ALS - Aviation & Logistics Portugal Lda",als
"Tailormade Andalucia SI.",tailormade_andalucia
"The Travel Club",travel_club
"Aspera Explorations Travel Agency Ltd",aspera_explorations
"Parris Wellness",parris_wellness
"New Tempo VIP, Lda",new_tempo_vip
"LMHM, Lda",lmhm
"Andreia Ingles Oliveira (Malagueta Viagens)",malagueta_viagens
"Eclectus Travel LLC",eclectus_travel
"4 Partes",4_partes
"Vanguartour, Travel & Events, Lda.",vanguartour
"Ingamba - Sociedade Unipessoal Lda",ingamba
"Portimar",portimar
"Bontur Travel & Experiences",bontur
"Traveltailors, Lda",traveltailors
"Handmade Vacations",handmade_vacations
"Planet Escape Sp. Z O.O. Sp. K.",planet_escape
"Atlantida Viatges S.A.",atlantida_viatges
"Lux And Unique, Lda",lux_and_unique
"The Travel Corner",travel_corner
"Viajan",viajan
"Icastelli",icastelli
"Turistrader, Sociedade de Desenvolvimento Turístico, Lda.",turistrader
"Zaineb Santos Unipessoal Lda",zaineb_santos
"Persona Grata",persona_grata
"Letango Tours",letango_tours
"Van Rompaey Travel BVBA",van_rompaey
"Colour Travel Consultants",colour_travel
"Pausan S.L.",pausan
"Doc DMC - Services, Events & Wine",doc_dmc
"Elite Global Journeys",elite_global_journeys
"Bespoke Travel Spain",bespoke_travel
"Belo Viaje LTN México",belo_viaje
"Tailored Experiences S.L.",tailored_experiences
"Younique Tailor Tours, Lda",younique_tailor_tours
"IGO Purplee Unipessoal",igo_purplee
"CPAL _ Bloqueio",cpal
"Birds & Nature Tours Portugal",birds_nature_tours
"Evasions Lointaines, Lda",evasions_lointaines
"Landescape Walks",landescape_walks
"Place Concierge Ltd",place_concierge
"Pura Aventura",pura_aventura
"Madrid And Beyond S.L.",madrid_and_beyond
"Fur Away Journey Pte Ltd",fur_away_journey
"Travel Simplicity LLC",travel_simplicity
"Fernanda Maisonnave Travel Co",fernanda_maisonnave
"Bike Tours Portugal",bike_tours_portugal
"Viagens Marranita, Summerspecies - Travel Unipessoal Lda",marranita_travel
"Dâmaso E Lucas, Viagens E Turismo Unipessoal Lda",damaso_lucas
"Navigate Viagens E Turismo Ltda",navigate_viagens
"Multitravel Agência De Viagens E Turismo Ltda",multitravel
"Plantel Agência De Viagens E Turismo Ltda",plantel_viagens
"RASO – Viagens E Turismo, S.A",raso
"Gonet SRL",gonet
"Tradições D'Outrora, Lda",tradicoes_doutrora
"Yconic Travel Stúdio, Lda",yconic_travel
"Herdersweg Invest SL",herdersweg_invest
"Viagens Abreu S.A.",abreu
"AA BTS (BTS Travel)",bts_travel
"Stubborn Mule Travel",stubborn_mule
"Lisa Bikes, Limitada",lisa_bikes
"Osiris Travel – Viagens E Turismo Lda",osiris_travel
"Citur S.A.",citur
"GiraNostra - Tours & Travel",giranostra
"TUI Spain SLU",tui
"Table & Fun, Lda",table_and_fun
"Active Holidays BV",active_holidays
"Van Loon Travel Creations BV",van_loon
"United Partners",united_partners
"Cercle Des Vacances - Agence De Voyages Et S.A.S",cercle_des_vacances
"Domitur, Viagens E Turismo",domitur
"JB's World Travel Consultants",jbs_world_travel
"YTravel, Lda",ytravel
"Ana Sofia Correia Lda - The Boutique Traveler",boutique_traveler
"Hashtag Golf Travel",hashtag_golf
"Turaventur, Lda",turaventur
"Van Rompaey Travel BV",van_rompaey
"People & Experiences, Lda",people_experiences
"Contemplar Turismo",contemplar_turismo
"Altimonde Voyages SAS",altimonde_voyages
"Quench Trip Design",quench_trip_design
"Mr. Travel - Agência De Viagens, Lda",mr_travel
"XTravel",xtravel
"Voyages DOC",voyages_doc
"Moah Destinos Exclusivos S.L.",moah
"Lounge II Luxury - Agência De Viagens E Turismo, Lda.",lounge_luxury
"Viva SPRL SRL",viva
"TTW Brasil Operações Turísticas",ttw_brasil
"Vanillascenery Lda",vanillascenery
"Valesa Cultural Services SL",valesa
"FVO Travel",fvo_travel
"Mi Mundo Travel Planner, SL",mi_mundo_travel
"Destinos Travel Cia Ltda",destinos_travel
"Go Diferente",go_diferente
"Wayfaring Spain SL",wayfaring_spain
"Tripwix Lda",tripwix
"First In Service Travel",first_in_service
"First In Service",first_in_service
"Venturion Private Club",venturion
"Olimar",olimar
"Brickell Travel Management",brickell_travel
"Travel One Agência De Viagens E Turismo",travel_one
"Bestours SA",bestours
"SF Terminal Solutions Pte Ltd",sf_terminal
"Orbe Travel Club Spain S.L.U",orbe_travel
"Sunstone Life Science Ventures A/S",sunstone
"Voeja Tour International LLC",voeja_tour
"Spring Breeze SL",spring_breeze
"Hopper (USA), Inc.",hopper
"Top Tours GmbH",top_tours
"European Council On Foreign Relations",ecfr
"Felix Leiberg, Unipessoal Lda",felix_leiberg
"Adriana Lage Toma",adriana_lage_toma
"Alma Moura Lisbon Residences",alma_moura
"Carrstudio S.R.L",carrstudio
"Teresa Perez Tours",teresa_perez
"Excelência De Portugal",excelencia_portugal
"VP - Viagens Portuguesas Lda",viagens_portuguesas
"Grupo Pestana Pousadas, S.A.",pestana
"Transalpino Viagens E Turismo",transalpino
"Made For Spain And Portugal",made_for_spain_portugal
"Younique Tailor Tours Lda",younique_tailor_tours
"Protravel International LDT",protravel
"Letango Consulting LLC DBA Tours",letango_tours
"Explore Portugal - Operador Turístico, Lda",explore_portugal
"Guestcentric",unknown_ota
"FRTravel",frtravel
"The World Of Envy AB",world_of_envy
"Prestigia",prestigia
"Embark - Beyond Travel",embark
"La Route Des Voyages",la_route_des_voyages
"Magic Portugal Unipessoal Lda.",magic_portugal
"Product League BV",product_league
"Agena Voyages",agena_voyages
"Selections Operadora Turismo Ltda - EPP",selections_operadora
"Odisseias Puras - Viagens E Animação Turistica, S.A.",odisseias
"Travelsens SL",travelsens
"Largay Travel",largay_travel
"Bike In Portugal",bike_in_portugal
"Travel Experts Inc",travel_experts
"WebBeds FZ-LLC",webbeds
"Big Family Lda",big_family
"Ascot Travel",ascot_travel
"NUBA Expediciones, S.L.",nuba
"FPN, Lda",fpn
"LSposito Unipessoal Lda",lsposito
"Crossing Travel Company Ltd",crossing_travel
"Prime Promotion, Lda",prime_promotion
"Jungle Concept SA",jungle_concept
"ABS, Lda",abs
"Tropical Piramyd",tropical_piramyd
"Romy Viagens Ltda",romy_viagens
"Cistris Lda",cistris
"Booking.com",booking
"EQTY Capital",eqty_capital
"Voyage Privé UK Ltd",voyage_prive
"Viagens Abreu S.A",abreu
"MFigueiredo Events, Lda",mfigueiredo_events
"Womens Quest",womens_quest
"W2M Corporate SLU (Central)",w2m
"Tribù Travel LLC",tribu_travel
"Only-Apartments, S.A.",only_apartments
"Adelaide Sousa Ferreira, Lda",adelaide_sousa_ferreira
"Rosemount Travel",rosemount_travel
"Trips And Ships Luxury Travel",trips_and_ships
"Mirpuri Sailing Trophy",mirpuri_sailing
"Eco Viagens E Turismo, Lda",eco_viagens
"Open Viagens E Turismo Lda",open_viagens
"Airbnb",airbnb
"VRBO",vrbo
"Montserrat Travel & Tours, Ltd",montserrat_travel
"Moah Destinos Exclusivos",moah
"Exclusive Escapes Travel Consultancy",exclusive_escapes
"Lounge Luxury Travel Consulting",lounge_luxury